{
  "C1/C101": {
    "K": 10,
    "D": 828.93664
  },
  "C1/C102": {
    "K": 10,
    "D": 828.93664
  },
  "C1/C103": {
    "K": 10,
    "D": 828.06464
  },
  "C1/C104": {
    "K": 10,
    "D": 824.77646
  },
  "C1/C105": {
    "K": 10,
    "D": 828.93664
  },
  "C1/C106": {
    "K": 10,
    "D": 828.93664
  },
  "C1/C107": {
    "K": 10,
    "D": 828.93664
  },
  "C1/C108": {
    "K": 10,
    "D": 828.93664
  },
  "C1/C109": {
    "K": 10,
    "D": 828.93664
  },
  "C2/C201": {
    "K": 3,
    "D": 591.55626
  },
  "C2/C202": {
    "K": 3,
    "D": 591.55626
  },
  "C2/C203": {
    "K": 3,
    "D": 591.17315
  },
  "C2/C204": {
    "K": 3,
    "D": 590.59845
  },
  "C2/C205": {
    "K": 3,
    "D": 588.87566
  },
  "C2/C206": {
    "K": 3,
    "D": 588.49255
  },
  "C2/C207": {
    "K": 3,
    "D": 588.28602
  },
  "C2/C208": {
    "K": 3,
    "D": 588.3235
  },
  "R1/R101": {
    "K": 19,
    "D": 1650.79864
  },
  "R1/R102": {
    "K": 17,
    "D": 1486.85859
  },
  "R1/R103": {
    "K": 13,
    "D": 1292.67493
  },
  "R1/R104": {
    "K": 9,
    "D": 1007.31005
  },
  "R1/R105": {
    "K": 14,
    "D": 1377.11046
  },
  "R1/R106": {
    "K": 12,
    "D": 1252.03013
  },
  "R1/R107": {
    "K": 10,
    "D": 1104.65547
  },
  "R1/R108": {
    "K": 9,
    "D": 960.87528
  },
  "R1/R109": {
    "K": 11,
    "D": 1194.73359
  },
  "R1/R110": {
    "K": 10,
    "D": 1118.83808
  },
  "R1/R111": {
    "K": 10,
    "D": 1096.72605
  },
  "R1/R112": {
    "K": 9,
    "D": 982.13919
  },
  "R2/R201": {
    "K": 4,
    "D": 1252.37074
  },
  "R2/R202": {
    "K": 3,
    "D": 1191.70252
  },
  "R2/R203": {
    "K": 3,
    "D": 939.50286
  },
  "R2/R204": {
    "K": 2,
    "D": 825.5188
  },
  "R2/R205": {
    "K": 3,
    "D": 994.42722
  },
  "R2/R206": {
    "K": 3,
    "D": 906.14164
  },
  "R2/R207": {
    "K": 2,
    "D": 890.60784
  },
  "R2/R208": {
    "K": 2,
    "D": 726.82234
  },
  "R2/R209": {
    "K": 3,
    "D": 909.16288
  },
  "R2/R210": {
    "K": 3,
    "D": 939.37224
  },
  "R2/R211": {
    "K": 2,
    "D": 885.71093
  },
  "RC1/RC101": {
    "K": 14,
    "D": 1696.94871
  },
  "RC1/RC102": {
    "K": 12,
    "D": 1554.74684
  },
  "RC1/RC103": {
    "K": 11,
    "D": 1261.67143
  },
  "RC1/RC104": {
    "K": 10,
    "D": 1135.47902
  },
  "RC1/RC105": {
    "K": 13,
    "D": 1629.43589
  },
  "RC1/RC106": {
    "K": 11,
    "D": 1424.73327
  },
  "RC1/RC107": {
    "K": 11,
    "D": 1230.47709
  },
  "RC1/RC108": {
    "K": 10,
    "D": 1139.82108
  },
  "RC2/RC201": {
    "K": 4,
    "D": 1406.93961
  },
  "RC2/RC202": {
    "K": 3,
    "D": 1365.64462
  },
  "RC2/RC203": {
    "K": 3,
    "D": 1049.62383
  },
  "RC2/RC204": {
    "K": 3,
    "D": 798.46323
  },
  "RC2/RC205": {
    "K": 4,
    "D": 1297.64736
  },
  "RC2/RC206": {
    "K": 3,
    "D": 1146.31689
  },
  "RC2/RC207": {
    "K": 3,
    "D": 1061.1442
  },
  "RC2/RC208": {
    "K": 3,
    "D": 828.1411
  }
}